Index,Country_Name
1,Afghanistan
2,Albania
3,Algeria
4,American Samoa
5,Andorra
6,Angola
7,Antigua and Barbuda
8,Argentina
9,Armenia
10,Aruba
11,Australia
12,Austria
13,Azerbaijan
14,"Bahamas, The"
15,Bahrain
16,Bangladesh
17,Barbados
18,Belarus
19,Belgium
20,Belize
21,Benin
22,Bermuda
23,Bhutan
24,Bolivia
25,Bosnia and Herzegovina
26,Botswana
27,Brazil
28,British Virgin Islands
29,Brunei Darussalam
30,Bulgaria
31,Burkina Faso
32,Burundi
33,Cabo Verde
34,Cambodia
35,Cameroon
36,Canada
37,Cayman Islands
38,Central African Republic
39,Chad
40,Channel Islands
41,Chile
42,China
43,Colombia
44,Comoros
45,"Congo, Dem. Rep."
46,"Congo, Rep."
47,Costa Rica
48,Cote d'Ivoire
49,Croatia
50,Cuba
51,Curacao
52,Cyprus
53,Czechia
54,Denmark
55,Djibouti
56,Dominica
57,Dominican Republic
58,Ecuador
59,"Egypt, Arab Rep."
60,El Salvador
61,Equatorial Guinea
62,Eritrea
63,Estonia
64,Eswatini
65,Ethiopia
66,Faroe Islands
67,Fiji
68,Finland
69,France
70,French Polynesia
71,Gabon
72,"Gambia, The"
73,Georgia
74,Germany
75,Ghana
76,Gibraltar
77,Greece
78,Greenland
79,Grenada
80,Guam
81,Guatemala
82,Guinea
83,Guinea-Bissau
84,Guyana
85,Haiti
86,Honduras
87,"Hong Kong SAR, China"
88,Hungary
89,Iceland
90,India
91,Indonesia
92,"Iran, Islamic Rep."
93,Iraq
94,Ireland
95,Isle of Man
96,Israel
97,Italy
98,Jamaica
99,Japan
100,Jordan
101,Kazakhstan
102,Kenya
103,Kiribati
104,"Korea, Dem. People's Rep."
105,"Korea, Rep."
106,Kosovo
107,Kuwait
108,Kyrgyz Republic
109,Lao PDR
110,Latvia
111,Lebanon
112,Lesotho
113,Liberia
114,Libya
115,Liechtenstein
116,Lithuania
117,Luxembourg
118,"Macao SAR, China"
119,Madagascar
120,Malawi
121,Malaysia
122,Maldives
123,Mali
124,Malta
125,Marshall Islands
126,Mauritania
127,Mauritius
128,Mexico
129,"Micronesia, Fed. Sts."
130,Moldova
131,Monaco
132,Mongolia
133,Montenegro
134,Morocco
135,Mozambique
136,Myanmar
137,Namibia
138,Nauru
139,Nepal
140,Netherlands
141,New Caledonia
142,New Zealand
143,Nicaragua
144,Niger
145,Nigeria
146,North Macedonia
147,Northern Mariana Islands
148,Norway
149,Oman
150,Pakistan
151,Palau
152,Panama
153,Papua New Guinea
154,Paraguay
155,Peru
156,Philippines
157,Poland
158,Portugal
159,Puerto Rico
160,Qatar
161,Romania
162,Russian Federation
163,Rwanda
164,Samoa
165,San Marino
166,Sao Tome and Principe
167,Saudi Arabia
168,Senegal
169,Serbia
170,Seychelles
171,Sierra Leone
172,Singapore
173,Sint Maarten (Dutch part)
174,Slovak Republic
175,Slovenia
176,Solomon Islands
177,Somalia
178,South Africa
179,South Sudan
180,Spain
181,Sri Lanka
182,St. Kitts and Nevis
183,St. Lucia
184,St. Martin (French part)
185,St. Vincent and the Grenadines
186,Sudan
187,Suriname
188,Sweden
189,Switzerland
190,Syrian Arab Republic
191,Tajikistan
192,Tanzania
193,Thailand
194,Timor-Leste
195,Togo
196,Tonga
197,Trinidad and Tobago
198,Tunisia
199,Turkiye
200,Turkmenistan
201,Turks and Caicos Islands
202,Tuvalu
203,Uganda
204,Ukraine
205,United Arab Emirates
206,United Kingdom
207,United States
208,Uruguay
209,Uzbekistan
210,Vanuatu
211,"Venezuela, RB"
212,Vietnam
213,Virgin Islands (U.S.)
214,West Bank and Gaza
215,"Yemen, Rep."
216,Zambia
217,Zimbabwe
