og_cols,new_cols
"Literacy rate, adult female (% of females ages 15 and above)                                            ",literacy_af
"Literacy rate, adult male (% of males ages 15 and above)                                                ",literacy_am
"Literacy rate, adult total (% of people ages 15 and above)                                              ",literacy_at
"Literacy rate, youth (ages 15-24), gender parity index (GPI)                                            ",literacy_ygpi
"Literacy rate, youth female (% of females ages 15-24)                                                   ",literacy_yf
"Literacy rate, youth male (% of males ages 15-24)                                                       ",literacy_ym
"Literacy rate, youth total (% of people ages 15-24)                                                     ",literacy_yt
"Educational attainment, at least Bachelor's or equivalent, population 25+, female (%) (cumulative)      ",edat_ba_f
"Educational attainment, at least Bachelor's or equivalent, population 25+, male (%) (cumulative)        ",edat_ba_m
"Educational attainment, at least Bachelor's or equivalent, population 25+, total (%) (cumulative)       ",edat_ba_t
"Educational attainment, at least completed lower secondary, population 25+, female (%) (cumulative)     ",edat_ls_f
"Educational attainment, at least completed lower secondary, population 25+, male (%) (cumulative)       ",edat_ls_m
"Educational attainment, at least completed lower secondary, population 25+, total (%) (cumulative)      ",edat_ls_t
"Educational attainment, at least completed post-secondary, population 25+, female (%) (cumulative)      ",edat_ps_f
"Educational attainment, at least completed post-secondary, population 25+, male (%) (cumulative)        ",edat_ps_m
"Educational attainment, at least completed post-secondary, population 25+, total (%) (cumulative)       ",edat_ps_t
"Educational attainment, at least completed primary, population 25+ years, female (%) (cumulative)       ",edat_prim_f
"Educational attainment, at least completed primary, population 25+ years, male (%) (cumulative)         ",edat_prim_m
"Educational attainment, at least completed primary, population 25+ years, total (%) (cumulative)        ",edat_prim_t
"Educational attainment, at least completed short-cycle tertiary, population 25+, female (%) (cumulative)",edat_tert_f
"Educational attainment, at least completed short-cycle tertiary, population 25+, male (%) (cumulative)  ",edat_tert_m
"Educational attainment, at least completed short-cycle tertiary, population 25+, total (%) (cumulative) ",edat_tert_t
"Educational attainment, at least completed upper secondary, population 25+, female (%) (cumulative)     ",edat_us_f
"Educational attainment, at least completed upper secondary, population 25+, male (%) (cumulative)       ",edat_us_m
"Educational attainment, at least completed upper secondary, population 25+, total (%) (cumulative)      ",edat_us_t
"Educational attainment, at least Master's or equivalent, population 25+, female (%) (cumulative)        ",edat_ma_f
"Educational attainment, at least Master's or equivalent, population 25+, male (%) (cumulative)          ",edat_ma_m
"Educational attainment, at least Master's or equivalent, population 25+, total (%) (cumulative)         ",edat_ma_t
"Educational attainment, Doctoral or equivalent, population 25+, female (%) (cumulative)                 ",edat_doc_f
"Educational attainment, Doctoral or equivalent, population 25+, male (%) (cumulative)                   ",edat_doc_m
"Educational attainment, Doctoral or equivalent, population 25+, total (%) (cumulative)                  ",edat_doc_t
GDP (constant 2015 US$)                                                                                 ,gdp_constant
GDP growth (annual %)                                                                                   ,gdp_growth
GDP per capita (constant 2015 US$)                                                                      ,gdppc_constant
GDP per capita growth (annual %)                                                                        ,gdppc_growth
GNI per capita (constant 2015 US$)                                                                      ,gnipc_constant
GNI growth (annual %)                                                                                   ,gni_growth
GNI (constant 2015 US$)                                                                                 ,gni_constant
