Series Name
"Literacy rate, adult female (% of females ages 15 and above)"
"Literacy rate, adult male (% of males ages 15 and above)"
"Literacy rate, adult total (% of people ages 15 and above)"
"Literacy rate, youth (ages 15-24), gender parity index (GPI)"
"Literacy rate, youth female (% of females ages 15-24)"
"Literacy rate, youth male (% of males ages 15-24)"
"Literacy rate, youth total (% of people ages 15-24)"
"Educational attainment, at least Bachelor's or equivalent, population 25+, female (%) (cumulative)"
"Educational attainment, at least Bachelor's or equivalent, population 25+, male (%) (cumulative)"
"Educational attainment, at least Bachelor's or equivalent, population 25+, total (%) (cumulative)"
"Educational attainment, at least completed lower secondary, population 25+, female (%) (cumulative)"
"Educational attainment, at least completed lower secondary, population 25+, male (%) (cumulative)"
"Educational attainment, at least completed lower secondary, population 25+, total (%) (cumulative)"
"Educational attainment, at least completed post-secondary, population 25+, female (%) (cumulative)"
"Educational attainment, at least completed post-secondary, population 25+, male (%) (cumulative)"
"Educational attainment, at least completed post-secondary, population 25+, total (%) (cumulative)"
"Educational attainment, at least completed primary, population 25+ years, female (%) (cumulative)"
"Educational attainment, at least completed primary, population 25+ years, male (%) (cumulative)"
"Educational attainment, at least completed primary, population 25+ years, total (%) (cumulative)"
"Educational attainment, at least completed short-cycle tertiary, population 25+, female (%) (cumulative)"
"Educational attainment, at least completed short-cycle tertiary, population 25+, male (%) (cumulative)"
"Educational attainment, at least completed short-cycle tertiary, population 25+, total (%) (cumulative)"
"Educational attainment, at least completed upper secondary, population 25+, female (%) (cumulative)"
"Educational attainment, at least completed upper secondary, population 25+, male (%) (cumulative)"
"Educational attainment, at least completed upper secondary, population 25+, total (%) (cumulative)"
"Educational attainment, at least Master's or equivalent, population 25+, female (%) (cumulative)"
"Educational attainment, at least Master's or equivalent, population 25+, male (%) (cumulative)"
"Educational attainment, at least Master's or equivalent, population 25+, total (%) (cumulative)"
"Educational attainment, Doctoral or equivalent, population 25+, female (%) (cumulative)"
"Educational attainment, Doctoral or equivalent, population 25+, male (%) (cumulative)"
"Educational attainment, Doctoral or equivalent, population 25+, total (%) (cumulative)"
GDP (constant 2015 US$)
GDP growth (annual %)
GDP per capita (constant 2015 US$)
GDP per capita growth (annual %)
GNI per capita (constant 2015 US$)
GNI growth (annual %)
GNI (constant 2015 US$)
