Var1,Var2,value
gni_growth,gni_growth,1
gdp_growth,gni_growth,0.96
gdppc_growth,gni_growth,0.91
gdp_constant,gni_growth,-0.36
gni_constant,gni_growth,-0.36
gdppc_constant,gni_growth,-0.32
gnipc_constant,gni_growth,-0.3
edat_doc_f,gni_growth,-0.47
edat_doc_m,gni_growth,-0.44
edat_doc_t,gni_growth,-0.47
literacy_ygpi,gni_growth,-0.06
literacy_am,gni_growth,-0.3
literacy_af,gni_growth,-0.26
literacy_at,gni_growth,-0.28
literacy_ym,gni_growth,-0.22
literacy_yf,gni_growth,-0.18
literacy_yt,gni_growth,-0.19
edat_ma_m,gni_growth,0.02
edat_ma_f,gni_growth,-0.01
edat_ma_t,gni_growth,0
edat_us_m,gni_growth,-0.22
edat_us_f,gni_growth,-0.26
edat_us_t,gni_growth,-0.24
edat_ls_m,gni_growth,-0.25
edat_ls_f,gni_growth,-0.26
edat_ls_t,gni_growth,-0.26
edat_prim_m,gni_growth,-0.24
edat_prim_f,gni_growth,-0.23
edat_prim_t,gni_growth,-0.24
edat_ps_m,gni_growth,-0.24
edat_ps_f,gni_growth,-0.27
edat_ps_t,gni_growth,-0.26
edat_ba_m,gni_growth,-0.3
edat_ba_f,gni_growth,-0.33
edat_ba_t,gni_growth,-0.32
edat_tert_m,gni_growth,-0.33
edat_tert_f,gni_growth,-0.32
edat_tert_t,gni_growth,-0.33
gni_growth,gdp_growth,0.96
gdp_growth,gdp_growth,1
gdppc_growth,gdp_growth,0.96
gdp_constant,gdp_growth,-0.37
gni_constant,gdp_growth,-0.37
gdppc_constant,gdp_growth,-0.33
gnipc_constant,gdp_growth,-0.32
edat_doc_f,gdp_growth,-0.44
edat_doc_m,gdp_growth,-0.43
edat_doc_t,gdp_growth,-0.46
literacy_ygpi,gdp_growth,-0.1
literacy_am,gdp_growth,-0.35
literacy_af,gdp_growth,-0.31
literacy_at,gdp_growth,-0.32
literacy_ym,gdp_growth,-0.27
literacy_yf,gdp_growth,-0.22
literacy_yt,gdp_growth,-0.24
edat_ma_m,gdp_growth,0
edat_ma_f,gdp_growth,-0.04
edat_ma_t,gdp_growth,-0.03
edat_us_m,gdp_growth,-0.23
edat_us_f,gdp_growth,-0.27
edat_us_t,gdp_growth,-0.25
edat_ls_m,gdp_growth,-0.27
edat_ls_f,gdp_growth,-0.28
edat_ls_t,gdp_growth,-0.28
edat_prim_m,gdp_growth,-0.28
edat_prim_f,gdp_growth,-0.27
edat_prim_t,gdp_growth,-0.28
edat_ps_m,gdp_growth,-0.28
edat_ps_f,gdp_growth,-0.31
edat_ps_t,gdp_growth,-0.3
edat_ba_m,gdp_growth,-0.34
edat_ba_f,gdp_growth,-0.38
edat_ba_t,gdp_growth,-0.37
edat_tert_m,gdp_growth,-0.38
edat_tert_f,gdp_growth,-0.37
edat_tert_t,gdp_growth,-0.39
gni_growth,gdppc_growth,0.91
gdp_growth,gdppc_growth,0.96
gdppc_growth,gdppc_growth,1
gdp_constant,gdppc_growth,-0.34
gni_constant,gdppc_growth,-0.33
gdppc_constant,gdppc_growth,-0.27
gnipc_constant,gdppc_growth,-0.28
edat_doc_f,gdppc_growth,-0.3
edat_doc_m,gdppc_growth,-0.38
edat_doc_t,gdppc_growth,-0.37
literacy_ygpi,gdppc_growth,0.07
literacy_am,gdppc_growth,-0.16
literacy_af,gdppc_growth,-0.12
literacy_at,gdppc_growth,-0.14
literacy_ym,gdppc_growth,-0.08
literacy_yf,gdppc_growth,-0.03
literacy_yt,gdppc_growth,-0.05
edat_ma_m,gdppc_growth,0.11
edat_ma_f,gdppc_growth,0.07
edat_ma_t,gdppc_growth,0.09
edat_us_m,gdppc_growth,-0.03
edat_us_f,gdppc_growth,-0.08
edat_us_t,gdppc_growth,-0.06
edat_ls_m,gdppc_growth,-0.08
edat_ls_f,gdppc_growth,-0.09
edat_ls_t,gdppc_growth,-0.09
edat_prim_m,gdppc_growth,-0.09
edat_prim_f,gdppc_growth,-0.08
edat_prim_t,gdppc_growth,-0.08
edat_ps_m,gdppc_growth,-0.14
edat_ps_f,gdppc_growth,-0.15
edat_ps_t,gdppc_growth,-0.15
edat_ba_m,gdppc_growth,-0.23
edat_ba_f,gdppc_growth,-0.27
edat_ba_t,gdppc_growth,-0.26
edat_tert_m,gdppc_growth,-0.25
edat_tert_f,gdppc_growth,-0.24
edat_tert_t,gdppc_growth,-0.25
gni_growth,gdp_constant,-0.36
gdp_growth,gdp_constant,-0.37
gdppc_growth,gdp_constant,-0.34
gdp_constant,gdp_constant,1
gni_constant,gdp_constant,1
gdppc_constant,gdp_constant,0.38
gnipc_constant,gdp_constant,0.42
edat_doc_f,gdp_constant,0.29
edat_doc_m,gdp_constant,0.3
edat_doc_t,gdp_constant,0.31
literacy_ygpi,gdp_constant,0.23
literacy_am,gdp_constant,0.29
literacy_af,gdp_constant,0.31
literacy_at,gdp_constant,0.3
literacy_ym,gdp_constant,0.29
literacy_yf,gdp_constant,0.29
literacy_yt,gdp_constant,0.29
edat_ma_m,gdp_constant,0.04
edat_ma_f,gdp_constant,0.03
edat_ma_t,gdp_constant,0.03
edat_us_m,gdp_constant,0.03
edat_us_f,gdp_constant,0.05
edat_us_t,gdp_constant,0.04
edat_ls_m,gdp_constant,0.2
edat_ls_f,gdp_constant,0.2
edat_ls_t,gdp_constant,0.2
edat_prim_m,gdp_constant,0.28
edat_prim_f,gdp_constant,0.28
edat_prim_t,gdp_constant,0.28
edat_ps_m,gdp_constant,0.11
edat_ps_f,gdp_constant,0.07
edat_ps_t,gdp_constant,0.09
edat_ba_m,gdp_constant,0.28
edat_ba_f,gdp_constant,0.24
edat_ba_t,gdp_constant,0.26
edat_tert_m,gdp_constant,0.28
edat_tert_f,gdp_constant,0.2
edat_tert_t,gdp_constant,0.24
gni_growth,gni_constant,-0.36
gdp_growth,gni_constant,-0.37
gdppc_growth,gni_constant,-0.33
gdp_constant,gni_constant,1
gni_constant,gni_constant,1
gdppc_constant,gni_constant,0.38
gnipc_constant,gni_constant,0.42
edat_doc_f,gni_constant,0.29
edat_doc_m,gni_constant,0.3
edat_doc_t,gni_constant,0.31
literacy_ygpi,gni_constant,0.24
literacy_am,gni_constant,0.29
literacy_af,gni_constant,0.3
literacy_at,gni_constant,0.3
literacy_ym,gni_constant,0.28
literacy_yf,gni_constant,0.29
literacy_yt,gni_constant,0.29
edat_ma_m,gni_constant,0.04
edat_ma_f,gni_constant,0.03
edat_ma_t,gni_constant,0.04
edat_us_m,gni_constant,0.03
edat_us_f,gni_constant,0.05
edat_us_t,gni_constant,0.04
edat_ls_m,gni_constant,0.2
edat_ls_f,gni_constant,0.2
edat_ls_t,gni_constant,0.2
edat_prim_m,gni_constant,0.27
edat_prim_f,gni_constant,0.27
edat_prim_t,gni_constant,0.28
edat_ps_m,gni_constant,0.11
edat_ps_f,gni_constant,0.07
edat_ps_t,gni_constant,0.09
edat_ba_m,gni_constant,0.29
edat_ba_f,gni_constant,0.24
edat_ba_t,gni_constant,0.27
edat_tert_m,gni_constant,0.28
edat_tert_f,gni_constant,0.2
edat_tert_t,gni_constant,0.24
gni_growth,gdppc_constant,-0.32
gdp_growth,gdppc_constant,-0.33
gdppc_growth,gdppc_constant,-0.27
gdp_constant,gdppc_constant,0.38
gni_constant,gdppc_constant,0.38
gdppc_constant,gdppc_constant,1
gnipc_constant,gdppc_constant,0.99
edat_doc_f,gdppc_constant,0.67
edat_doc_m,gdppc_constant,0.58
edat_doc_t,gdppc_constant,0.64
literacy_ygpi,gdppc_constant,0.26
literacy_am,gdppc_constant,0.47
literacy_af,gdppc_constant,0.48
literacy_at,gdppc_constant,0.48
literacy_ym,gdppc_constant,0.38
literacy_yf,gdppc_constant,0.36
literacy_yt,gdppc_constant,0.37
edat_ma_m,gdppc_constant,0.16
edat_ma_f,gdppc_constant,0.2
edat_ma_t,gdppc_constant,0.19
edat_us_m,gdppc_constant,0.32
edat_us_f,gdppc_constant,0.41
edat_us_t,gdppc_constant,0.37
edat_ls_m,gdppc_constant,0.43
edat_ls_f,gdppc_constant,0.45
edat_ls_t,gdppc_constant,0.44
edat_prim_m,gdppc_constant,0.49
edat_prim_f,gdppc_constant,0.49
edat_prim_t,gdppc_constant,0.5
edat_ps_m,gdppc_constant,0.39
edat_ps_f,gdppc_constant,0.44
edat_ps_t,gdppc_constant,0.42
edat_ba_m,gdppc_constant,0.41
edat_ba_f,gdppc_constant,0.49
edat_ba_t,gdppc_constant,0.46
edat_tert_m,gdppc_constant,0.49
edat_tert_f,gdppc_constant,0.52
edat_tert_t,gdppc_constant,0.51
gni_growth,gnipc_constant,-0.3
gdp_growth,gnipc_constant,-0.32
gdppc_growth,gnipc_constant,-0.28
gdp_constant,gnipc_constant,0.42
gni_constant,gnipc_constant,0.42
gdppc_constant,gnipc_constant,0.99
gnipc_constant,gnipc_constant,1
edat_doc_f,gnipc_constant,0.64
edat_doc_m,gnipc_constant,0.58
edat_doc_t,gnipc_constant,0.63
literacy_ygpi,gnipc_constant,0.26
literacy_am,gnipc_constant,0.47
literacy_af,gnipc_constant,0.48
literacy_at,gnipc_constant,0.48
literacy_ym,gnipc_constant,0.39
literacy_yf,gnipc_constant,0.37
literacy_yt,gnipc_constant,0.38
edat_ma_m,gnipc_constant,0.18
edat_ma_f,gnipc_constant,0.22
edat_ma_t,gnipc_constant,0.2
edat_us_m,gnipc_constant,0.31
edat_us_f,gnipc_constant,0.39
edat_us_t,gnipc_constant,0.35
edat_ls_m,gnipc_constant,0.42
edat_ls_f,gnipc_constant,0.44
edat_ls_t,gnipc_constant,0.44
edat_prim_m,gnipc_constant,0.49
edat_prim_f,gnipc_constant,0.49
edat_prim_t,gnipc_constant,0.49
edat_ps_m,gnipc_constant,0.38
edat_ps_f,gnipc_constant,0.42
edat_ps_t,gnipc_constant,0.41
edat_ba_m,gnipc_constant,0.45
edat_ba_f,gnipc_constant,0.52
edat_ba_t,gnipc_constant,0.5
edat_tert_m,gnipc_constant,0.5
edat_tert_f,gnipc_constant,0.53
edat_tert_t,gnipc_constant,0.52
gni_growth,edat_doc_f,-0.47
gdp_growth,edat_doc_f,-0.44
gdppc_growth,edat_doc_f,-0.3
gdp_constant,edat_doc_f,0.29
gni_constant,edat_doc_f,0.29
gdppc_constant,edat_doc_f,0.67
gnipc_constant,edat_doc_f,0.64
edat_doc_f,edat_doc_f,1
edat_doc_m,edat_doc_f,0.81
edat_doc_t,edat_doc_f,0.92
literacy_ygpi,edat_doc_f,0.2
literacy_am,edat_doc_f,0.42
literacy_af,edat_doc_f,0.43
literacy_at,edat_doc_f,0.43
literacy_ym,edat_doc_f,0.31
literacy_yf,edat_doc_f,0.29
literacy_yt,edat_doc_f,0.3
edat_ma_m,edat_doc_f,0.38
edat_ma_f,edat_doc_f,0.4
edat_ma_t,edat_doc_f,0.4
edat_us_m,edat_doc_f,0.53
edat_us_f,edat_doc_f,0.56
edat_us_t,edat_doc_f,0.55
edat_ls_m,edat_doc_f,0.54
edat_ls_f,edat_doc_f,0.54
edat_ls_t,edat_doc_f,0.55
edat_prim_m,edat_doc_f,0.51
edat_prim_f,edat_doc_f,0.51
edat_prim_t,edat_doc_f,0.51
edat_ps_m,edat_doc_f,0.58
edat_ps_f,edat_doc_f,0.62
edat_ps_t,edat_doc_f,0.61
edat_ba_m,edat_doc_f,0.49
edat_ba_f,edat_doc_f,0.56
edat_ba_t,edat_doc_f,0.54
edat_tert_m,edat_doc_f,0.56
edat_tert_f,edat_doc_f,0.58
edat_tert_t,edat_doc_f,0.58
gni_growth,edat_doc_m,-0.44
gdp_growth,edat_doc_m,-0.43
gdppc_growth,edat_doc_m,-0.38
gdp_constant,edat_doc_m,0.3
gni_constant,edat_doc_m,0.3
gdppc_constant,edat_doc_m,0.58
gnipc_constant,edat_doc_m,0.58
edat_doc_f,edat_doc_m,0.81
edat_doc_m,edat_doc_m,1
edat_doc_t,edat_doc_m,0.97
literacy_ygpi,edat_doc_m,0.08
literacy_am,edat_doc_m,0.25
literacy_af,edat_doc_m,0.26
literacy_at,edat_doc_m,0.26
literacy_ym,edat_doc_m,0.15
literacy_yf,edat_doc_m,0.14
literacy_yt,edat_doc_m,0.14
edat_ma_m,edat_doc_m,0.29
edat_ma_f,edat_doc_m,0.25
edat_ma_t,edat_doc_m,0.28
edat_us_m,edat_doc_m,0.38
edat_us_f,edat_doc_m,0.36
edat_us_t,edat_doc_m,0.38
edat_ls_m,edat_doc_m,0.38
edat_ls_f,edat_doc_m,0.34
edat_ls_t,edat_doc_m,0.36
edat_prim_m,edat_doc_m,0.34
edat_prim_f,edat_doc_m,0.31
edat_prim_t,edat_doc_m,0.33
edat_ps_m,edat_doc_m,0.49
edat_ps_f,edat_doc_m,0.42
edat_ps_t,edat_doc_m,0.47
edat_ba_m,edat_doc_m,0.44
edat_ba_f,edat_doc_m,0.43
edat_ba_t,edat_doc_m,0.44
edat_tert_m,edat_doc_m,0.49
edat_tert_f,edat_doc_m,0.41
edat_tert_t,edat_doc_m,0.46
gni_growth,edat_doc_t,-0.47
gdp_growth,edat_doc_t,-0.46
gdppc_growth,edat_doc_t,-0.37
gdp_constant,edat_doc_t,0.31
gni_constant,edat_doc_t,0.31
gdppc_constant,edat_doc_t,0.64
gnipc_constant,edat_doc_t,0.63
edat_doc_f,edat_doc_t,0.92
edat_doc_m,edat_doc_t,0.97
edat_doc_t,edat_doc_t,1
literacy_ygpi,edat_doc_t,0.15
literacy_am,edat_doc_t,0.34
literacy_af,edat_doc_t,0.35
literacy_at,edat_doc_t,0.35
literacy_ym,edat_doc_t,0.24
literacy_yf,edat_doc_t,0.22
literacy_yt,edat_doc_t,0.23
edat_ma_m,edat_doc_t,0.32
edat_ma_f,edat_doc_t,0.31
edat_ma_t,edat_doc_t,0.32
edat_us_m,edat_doc_t,0.47
edat_us_f,edat_doc_t,0.46
edat_us_t,edat_doc_t,0.47
edat_ls_m,edat_doc_t,0.47
edat_ls_f,edat_doc_t,0.44
edat_ls_t,edat_doc_t,0.46
edat_prim_m,edat_doc_t,0.43
edat_prim_f,edat_doc_t,0.41
edat_prim_t,edat_doc_t,0.42
edat_ps_m,edat_doc_t,0.56
edat_ps_f,edat_doc_t,0.53
edat_ps_t,edat_doc_t,0.56
edat_ba_m,edat_doc_t,0.48
edat_ba_f,edat_doc_t,0.5
edat_ba_t,edat_doc_t,0.5
edat_tert_m,edat_doc_t,0.55
edat_tert_f,edat_doc_t,0.5
edat_tert_t,edat_doc_t,0.54
gni_growth,literacy_ygpi,-0.06
gdp_growth,literacy_ygpi,-0.1
gdppc_growth,literacy_ygpi,0.07
gdp_constant,literacy_ygpi,0.23
gni_constant,literacy_ygpi,0.24
gdppc_constant,literacy_ygpi,0.26
gnipc_constant,literacy_ygpi,0.26
edat_doc_f,literacy_ygpi,0.2
edat_doc_m,literacy_ygpi,0.08
edat_doc_t,literacy_ygpi,0.15
literacy_ygpi,literacy_ygpi,1
literacy_am,literacy_ygpi,0.69
literacy_af,literacy_ygpi,0.74
literacy_at,literacy_ygpi,0.72
literacy_ym,literacy_ygpi,0.82
literacy_yf,literacy_ygpi,0.91
literacy_yt,literacy_ygpi,0.88
edat_ma_m,literacy_ygpi,0.2
edat_ma_f,literacy_ygpi,0.2
edat_ma_t,literacy_ygpi,0.21
edat_us_m,literacy_ygpi,0.5
edat_us_f,literacy_ygpi,0.49
edat_us_t,literacy_ygpi,0.5
edat_ls_m,literacy_ygpi,0.59
edat_ls_f,literacy_ygpi,0.58
edat_ls_t,literacy_ygpi,0.59
edat_prim_m,literacy_ygpi,0.69
edat_prim_f,literacy_ygpi,0.66
edat_prim_t,literacy_ygpi,0.67
edat_ps_m,literacy_ygpi,0.41
edat_ps_f,literacy_ygpi,0.38
edat_ps_t,literacy_ygpi,0.4
edat_ba_m,literacy_ygpi,0.44
edat_ba_f,literacy_ygpi,0.39
edat_ba_t,literacy_ygpi,0.43
edat_tert_m,literacy_ygpi,0.41
edat_tert_f,literacy_ygpi,0.38
edat_tert_t,literacy_ygpi,0.4
gni_growth,literacy_am,-0.3
gdp_growth,literacy_am,-0.35
gdppc_growth,literacy_am,-0.16
gdp_constant,literacy_am,0.29
gni_constant,literacy_am,0.29
gdppc_constant,literacy_am,0.47
gnipc_constant,literacy_am,0.47
edat_doc_f,literacy_am,0.42
edat_doc_m,literacy_am,0.25
edat_doc_t,literacy_am,0.34
literacy_ygpi,literacy_am,0.69
literacy_am,literacy_am,1
literacy_af,literacy_am,0.98
literacy_at,literacy_am,0.99
literacy_ym,literacy_am,0.94
literacy_yf,literacy_am,0.9
literacy_yt,literacy_am,0.92
edat_ma_m,literacy_am,0.33
edat_ma_f,literacy_am,0.4
edat_ma_t,literacy_am,0.37
edat_us_m,literacy_am,0.72
edat_us_f,literacy_am,0.78
edat_us_t,literacy_am,0.75
edat_ls_m,literacy_am,0.85
edat_ls_f,literacy_am,0.87
edat_ls_t,literacy_am,0.86
edat_prim_m,literacy_am,0.92
edat_prim_f,literacy_am,0.92
edat_prim_t,literacy_am,0.92
edat_ps_m,literacy_am,0.58
edat_ps_f,literacy_am,0.67
edat_ps_t,literacy_am,0.63
edat_ba_m,literacy_am,0.61
edat_ba_f,literacy_am,0.69
edat_ba_t,literacy_am,0.67
edat_tert_m,literacy_am,0.65
edat_tert_f,literacy_am,0.71
edat_tert_t,literacy_am,0.69
gni_growth,literacy_af,-0.26
gdp_growth,literacy_af,-0.31
gdppc_growth,literacy_af,-0.12
gdp_constant,literacy_af,0.31
gni_constant,literacy_af,0.3
gdppc_constant,literacy_af,0.48
gnipc_constant,literacy_af,0.48
edat_doc_f,literacy_af,0.43
edat_doc_m,literacy_af,0.26
edat_doc_t,literacy_af,0.35
literacy_ygpi,literacy_af,0.74
literacy_am,literacy_af,0.98
literacy_af,literacy_af,1
literacy_at,literacy_af,1
literacy_ym,literacy_af,0.93
literacy_yf,literacy_af,0.91
literacy_yt,literacy_af,0.93
edat_ma_m,literacy_af,0.34
edat_ma_f,literacy_af,0.41
edat_ma_t,literacy_af,0.39
edat_us_m,literacy_af,0.74
edat_us_f,literacy_af,0.8
edat_us_t,literacy_af,0.78
edat_ls_m,literacy_af,0.88
edat_ls_f,literacy_af,0.9
edat_ls_t,literacy_af,0.9
edat_prim_m,literacy_af,0.96
edat_prim_f,literacy_af,0.96
edat_prim_t,literacy_af,0.96
edat_ps_m,literacy_af,0.6
edat_ps_f,literacy_af,0.69
edat_ps_t,literacy_af,0.66
edat_ba_m,literacy_af,0.62
edat_ba_f,literacy_af,0.7
edat_ba_t,literacy_af,0.68
edat_tert_m,literacy_af,0.66
edat_tert_f,literacy_af,0.72
edat_tert_t,literacy_af,0.7
gni_growth,literacy_at,-0.28
gdp_growth,literacy_at,-0.32
gdppc_growth,literacy_at,-0.14
gdp_constant,literacy_at,0.3
gni_constant,literacy_at,0.3
gdppc_constant,literacy_at,0.48
gnipc_constant,literacy_at,0.48
edat_doc_f,literacy_at,0.43
edat_doc_m,literacy_at,0.26
edat_doc_t,literacy_at,0.35
literacy_ygpi,literacy_at,0.72
literacy_am,literacy_at,0.99
literacy_af,literacy_at,1
literacy_at,literacy_at,1
literacy_ym,literacy_at,0.94
literacy_yf,literacy_at,0.91
literacy_yt,literacy_at,0.93
edat_ma_m,literacy_at,0.34
edat_ma_f,literacy_at,0.41
edat_ma_t,literacy_at,0.38
edat_us_m,literacy_at,0.74
edat_us_f,literacy_at,0.8
edat_us_t,literacy_at,0.77
edat_ls_m,literacy_at,0.87
edat_ls_f,literacy_at,0.89
edat_ls_t,literacy_at,0.89
edat_prim_m,literacy_at,0.95
edat_prim_f,literacy_at,0.94
edat_prim_t,literacy_at,0.95
edat_ps_m,literacy_at,0.59
edat_ps_f,literacy_at,0.68
edat_ps_t,literacy_at,0.65
edat_ba_m,literacy_at,0.62
edat_ba_f,literacy_at,0.7
edat_ba_t,literacy_at,0.68
edat_tert_m,literacy_at,0.66
edat_tert_f,literacy_at,0.72
edat_tert_t,literacy_at,0.7
gni_growth,literacy_ym,-0.22
gdp_growth,literacy_ym,-0.27
gdppc_growth,literacy_ym,-0.08
gdp_constant,literacy_ym,0.29
gni_constant,literacy_ym,0.28
gdppc_constant,literacy_ym,0.38
gnipc_constant,literacy_ym,0.39
edat_doc_f,literacy_ym,0.31
edat_doc_m,literacy_ym,0.15
edat_doc_t,literacy_ym,0.24
literacy_ygpi,literacy_ym,0.82
literacy_am,literacy_ym,0.94
literacy_af,literacy_ym,0.93
literacy_at,literacy_ym,0.94
literacy_ym,literacy_ym,1
literacy_yf,literacy_ym,0.98
literacy_yt,literacy_ym,0.99
edat_ma_m,literacy_ym,0.28
edat_ma_f,literacy_ym,0.34
edat_ma_t,literacy_ym,0.32
edat_us_m,literacy_ym,0.63
edat_us_f,literacy_ym,0.67
edat_us_t,literacy_ym,0.66
edat_ls_m,literacy_ym,0.76
edat_ls_f,literacy_ym,0.77
edat_ls_t,literacy_ym,0.77
edat_prim_m,literacy_ym,0.85
edat_prim_f,literacy_ym,0.83
edat_prim_t,literacy_ym,0.84
edat_ps_m,literacy_ym,0.51
edat_ps_f,literacy_ym,0.56
edat_ps_t,literacy_ym,0.55
edat_ba_m,literacy_ym,0.56
edat_ba_f,literacy_ym,0.59
edat_ba_t,literacy_ym,0.59
edat_tert_m,literacy_ym,0.56
edat_tert_f,literacy_ym,0.59
edat_tert_t,literacy_ym,0.59
gni_growth,literacy_yf,-0.18
gdp_growth,literacy_yf,-0.22
gdppc_growth,literacy_yf,-0.03
gdp_constant,literacy_yf,0.29
gni_constant,literacy_yf,0.29
gdppc_constant,literacy_yf,0.36
gnipc_constant,literacy_yf,0.37
edat_doc_f,literacy_yf,0.29
edat_doc_m,literacy_yf,0.14
edat_doc_t,literacy_yf,0.22
literacy_ygpi,literacy_yf,0.91
literacy_am,literacy_yf,0.9
literacy_af,literacy_yf,0.91
literacy_at,literacy_yf,0.91
literacy_ym,literacy_yf,0.98
literacy_yf,literacy_yf,1
literacy_yt,literacy_yf,1
edat_ma_m,literacy_yf,0.27
edat_ma_f,literacy_yf,0.31
edat_ma_t,literacy_yf,0.3
edat_us_m,literacy_yf,0.62
edat_us_f,literacy_yf,0.65
edat_us_t,literacy_yf,0.64
edat_ls_m,literacy_yf,0.75
edat_ls_f,literacy_yf,0.75
edat_ls_t,literacy_yf,0.75
edat_prim_m,literacy_yf,0.84
edat_prim_f,literacy_yf,0.82
edat_prim_t,literacy_yf,0.83
edat_ps_m,literacy_yf,0.51
edat_ps_f,literacy_yf,0.53
edat_ps_t,literacy_yf,0.53
edat_ba_m,literacy_yf,0.56
edat_ba_f,literacy_yf,0.56
edat_ba_t,literacy_yf,0.57
edat_tert_m,literacy_yf,0.55
edat_tert_f,literacy_yf,0.56
edat_tert_t,literacy_yf,0.56
gni_growth,literacy_yt,-0.19
gdp_growth,literacy_yt,-0.24
gdppc_growth,literacy_yt,-0.05
gdp_constant,literacy_yt,0.29
gni_constant,literacy_yt,0.29
gdppc_constant,literacy_yt,0.37
gnipc_constant,literacy_yt,0.38
edat_doc_f,literacy_yt,0.3
edat_doc_m,literacy_yt,0.14
edat_doc_t,literacy_yt,0.23
literacy_ygpi,literacy_yt,0.88
literacy_am,literacy_yt,0.92
literacy_af,literacy_yt,0.93
literacy_at,literacy_yt,0.93
literacy_ym,literacy_yt,0.99
literacy_yf,literacy_yt,1
literacy_yt,literacy_yt,1
edat_ma_m,literacy_yt,0.28
edat_ma_f,literacy_yt,0.32
edat_ma_t,literacy_yt,0.31
edat_us_m,literacy_yt,0.63
edat_us_f,literacy_yt,0.66
edat_us_t,literacy_yt,0.65
edat_ls_m,literacy_yt,0.75
edat_ls_f,literacy_yt,0.76
edat_ls_t,literacy_yt,0.76
edat_prim_m,literacy_yt,0.85
edat_prim_f,literacy_yt,0.83
edat_prim_t,literacy_yt,0.84
edat_ps_m,literacy_yt,0.51
edat_ps_f,literacy_yt,0.55
edat_ps_t,literacy_yt,0.54
edat_ba_m,literacy_yt,0.56
edat_ba_f,literacy_yt,0.58
edat_ba_t,literacy_yt,0.58
edat_tert_m,literacy_yt,0.56
edat_tert_f,literacy_yt,0.57
edat_tert_t,literacy_yt,0.57
gni_growth,edat_ma_m,0.02
gdp_growth,edat_ma_m,0
gdppc_growth,edat_ma_m,0.11
gdp_constant,edat_ma_m,0.04
gni_constant,edat_ma_m,0.04
gdppc_constant,edat_ma_m,0.16
gnipc_constant,edat_ma_m,0.18
edat_doc_f,edat_ma_m,0.38
edat_doc_m,edat_ma_m,0.29
edat_doc_t,edat_ma_m,0.32
literacy_ygpi,edat_ma_m,0.2
literacy_am,edat_ma_m,0.33
literacy_af,edat_ma_m,0.34
literacy_at,edat_ma_m,0.34
literacy_ym,edat_ma_m,0.28
literacy_yf,edat_ma_m,0.27
literacy_yt,edat_ma_m,0.28
edat_ma_m,edat_ma_m,1
edat_ma_f,edat_ma_m,0.97
edat_ma_t,edat_ma_m,0.99
edat_us_m,edat_ma_m,0.54
edat_us_f,edat_ma_m,0.55
edat_us_t,edat_ma_m,0.55
edat_ls_m,edat_ma_m,0.49
edat_ls_f,edat_ma_m,0.49
edat_ls_t,edat_ma_m,0.49
edat_prim_m,edat_ma_m,0.42
edat_prim_f,edat_ma_m,0.43
edat_prim_t,edat_ma_m,0.42
edat_ps_m,edat_ma_m,0.51
edat_ps_f,edat_ma_m,0.56
edat_ps_t,edat_ma_m,0.54
edat_ba_m,edat_ma_m,0.58
edat_ba_f,edat_ma_m,0.54
edat_ba_t,edat_ma_m,0.56
edat_tert_m,edat_ma_m,0.46
edat_tert_f,edat_ma_m,0.43
edat_tert_t,edat_ma_m,0.45
gni_growth,edat_ma_f,-0.01
gdp_growth,edat_ma_f,-0.04
gdppc_growth,edat_ma_f,0.07
gdp_constant,edat_ma_f,0.03
gni_constant,edat_ma_f,0.03
gdppc_constant,edat_ma_f,0.2
gnipc_constant,edat_ma_f,0.22
edat_doc_f,edat_ma_f,0.4
edat_doc_m,edat_ma_f,0.25
edat_doc_t,edat_ma_f,0.31
literacy_ygpi,edat_ma_f,0.2
literacy_am,edat_ma_f,0.4
literacy_af,edat_ma_f,0.41
literacy_at,edat_ma_f,0.41
literacy_ym,edat_ma_f,0.34
literacy_yf,edat_ma_f,0.31
literacy_yt,edat_ma_f,0.32
edat_ma_m,edat_ma_f,0.97
edat_ma_f,edat_ma_f,1
edat_ma_t,edat_ma_f,0.99
edat_us_m,edat_ma_f,0.56
edat_us_f,edat_ma_f,0.6
edat_us_t,edat_ma_f,0.58
edat_ls_m,edat_ma_f,0.53
edat_ls_f,edat_ma_f,0.54
edat_ls_t,edat_ma_f,0.53
edat_prim_m,edat_ma_f,0.48
edat_prim_f,edat_ma_f,0.49
edat_prim_t,edat_ma_f,0.49
edat_ps_m,edat_ma_f,0.51
edat_ps_f,edat_ma_f,0.6
edat_ps_t,edat_ma_f,0.56
edat_ba_m,edat_ma_f,0.58
edat_ba_f,edat_ma_f,0.59
edat_ba_t,edat_ma_f,0.6
edat_tert_m,edat_ma_f,0.47
edat_tert_f,edat_ma_f,0.48
edat_tert_t,edat_ma_f,0.48
gni_growth,edat_ma_t,0
gdp_growth,edat_ma_t,-0.03
gdppc_growth,edat_ma_t,0.09
gdp_constant,edat_ma_t,0.03
gni_constant,edat_ma_t,0.04
gdppc_constant,edat_ma_t,0.19
gnipc_constant,edat_ma_t,0.2
edat_doc_f,edat_ma_t,0.4
edat_doc_m,edat_ma_t,0.28
edat_doc_t,edat_ma_t,0.32
literacy_ygpi,edat_ma_t,0.21
literacy_am,edat_ma_t,0.37
literacy_af,edat_ma_t,0.39
literacy_at,edat_ma_t,0.38
literacy_ym,edat_ma_t,0.32
literacy_yf,edat_ma_t,0.3
literacy_yt,edat_ma_t,0.31
edat_ma_m,edat_ma_t,0.99
edat_ma_f,edat_ma_t,0.99
edat_ma_t,edat_ma_t,1
edat_us_m,edat_ma_t,0.56
edat_us_f,edat_ma_t,0.58
edat_us_t,edat_ma_t,0.57
edat_ls_m,edat_ma_t,0.52
edat_ls_f,edat_ma_t,0.53
edat_ls_t,edat_ma_t,0.52
edat_prim_m,edat_ma_t,0.46
edat_prim_f,edat_ma_t,0.47
edat_prim_t,edat_ma_t,0.46
edat_ps_m,edat_ma_t,0.52
edat_ps_f,edat_ma_t,0.59
edat_ps_t,edat_ma_t,0.56
edat_ba_m,edat_ma_t,0.59
edat_ba_f,edat_ma_t,0.57
edat_ba_t,edat_ma_t,0.59
edat_tert_m,edat_ma_t,0.47
edat_tert_f,edat_ma_t,0.46
edat_tert_t,edat_ma_t,0.47
gni_growth,edat_us_m,-0.22
gdp_growth,edat_us_m,-0.23
gdppc_growth,edat_us_m,-0.03
gdp_constant,edat_us_m,0.03
gni_constant,edat_us_m,0.03
gdppc_constant,edat_us_m,0.32
gnipc_constant,edat_us_m,0.31
edat_doc_f,edat_us_m,0.53
edat_doc_m,edat_us_m,0.38
edat_doc_t,edat_us_m,0.47
literacy_ygpi,edat_us_m,0.5
literacy_am,edat_us_m,0.72
literacy_af,edat_us_m,0.74
literacy_at,edat_us_m,0.74
literacy_ym,edat_us_m,0.63
literacy_yf,edat_us_m,0.62
literacy_yt,edat_us_m,0.63
edat_ma_m,edat_us_m,0.54
edat_ma_f,edat_us_m,0.56
edat_ma_t,edat_us_m,0.56
edat_us_m,edat_us_m,1
edat_us_f,edat_us_m,0.97
edat_us_t,edat_us_m,0.99
edat_ls_m,edat_us_m,0.93
edat_ls_f,edat_us_m,0.91
edat_ls_t,edat_us_m,0.92
edat_prim_m,edat_us_m,0.84
edat_prim_f,edat_us_m,0.82
edat_prim_t,edat_us_m,0.83
edat_ps_m,edat_us_m,0.82
edat_ps_f,edat_us_m,0.83
edat_ps_t,edat_us_m,0.84
edat_ba_m,edat_us_m,0.66
edat_ba_f,edat_us_m,0.66
edat_ba_t,edat_us_m,0.67
edat_tert_m,edat_us_m,0.74
edat_tert_f,edat_us_m,0.73
edat_tert_t,edat_us_m,0.75
gni_growth,edat_us_f,-0.26
gdp_growth,edat_us_f,-0.27
gdppc_growth,edat_us_f,-0.08
gdp_constant,edat_us_f,0.05
gni_constant,edat_us_f,0.05
gdppc_constant,edat_us_f,0.41
gnipc_constant,edat_us_f,0.39
edat_doc_f,edat_us_f,0.56
edat_doc_m,edat_us_f,0.36
edat_doc_t,edat_us_f,0.46
literacy_ygpi,edat_us_f,0.49
literacy_am,edat_us_f,0.78
literacy_af,edat_us_f,0.8
literacy_at,edat_us_f,0.8
literacy_ym,edat_us_f,0.67
literacy_yf,edat_us_f,0.65
literacy_yt,edat_us_f,0.66
edat_ma_m,edat_us_f,0.55
edat_ma_f,edat_us_f,0.6
edat_ma_t,edat_us_f,0.58
edat_us_m,edat_us_f,0.97
edat_us_f,edat_us_f,1
edat_us_t,edat_us_f,0.99
edat_ls_m,edat_us_f,0.94
edat_ls_f,edat_us_f,0.94
edat_ls_t,edat_us_f,0.94
edat_prim_m,edat_us_f,0.87
edat_prim_f,edat_us_f,0.87
edat_prim_t,edat_us_f,0.87
edat_ps_m,edat_us_f,0.82
edat_ps_f,edat_us_f,0.89
edat_ps_t,edat_us_f,0.86
edat_ba_m,edat_us_f,0.69
edat_ba_f,edat_us_f,0.74
edat_ba_t,edat_us_f,0.73
edat_tert_m,edat_us_f,0.77
edat_tert_f,edat_us_f,0.81
edat_tert_t,edat_us_f,0.8
gni_growth,edat_us_t,-0.24
gdp_growth,edat_us_t,-0.25
gdppc_growth,edat_us_t,-0.06
gdp_constant,edat_us_t,0.04
gni_constant,edat_us_t,0.04
gdppc_constant,edat_us_t,0.37
gnipc_constant,edat_us_t,0.35
edat_doc_f,edat_us_t,0.55
edat_doc_m,edat_us_t,0.38
edat_doc_t,edat_us_t,0.47
literacy_ygpi,edat_us_t,0.5
literacy_am,edat_us_t,0.75
literacy_af,edat_us_t,0.78
literacy_at,edat_us_t,0.77
literacy_ym,edat_us_t,0.66
literacy_yf,edat_us_t,0.64
literacy_yt,edat_us_t,0.65
edat_ma_m,edat_us_t,0.55
edat_ma_f,edat_us_t,0.58
edat_ma_t,edat_us_t,0.57
edat_us_m,edat_us_t,0.99
edat_us_f,edat_us_t,0.99
edat_us_t,edat_us_t,1
edat_ls_m,edat_us_t,0.94
edat_ls_f,edat_us_t,0.93
edat_ls_t,edat_us_t,0.94
edat_prim_m,edat_us_t,0.86
edat_prim_f,edat_us_t,0.85
edat_prim_t,edat_us_t,0.86
edat_ps_m,edat_us_t,0.83
edat_ps_f,edat_us_t,0.86
edat_ps_t,edat_us_t,0.86
edat_ba_m,edat_us_t,0.68
edat_ba_f,edat_us_t,0.7
edat_ba_t,edat_us_t,0.7
edat_tert_m,edat_us_t,0.76
edat_tert_f,edat_us_t,0.77
edat_tert_t,edat_us_t,0.78
gni_growth,edat_ls_m,-0.25
gdp_growth,edat_ls_m,-0.27
gdppc_growth,edat_ls_m,-0.08
gdp_constant,edat_ls_m,0.2
gni_constant,edat_ls_m,0.2
gdppc_constant,edat_ls_m,0.43
gnipc_constant,edat_ls_m,0.42
edat_doc_f,edat_ls_m,0.54
edat_doc_m,edat_ls_m,0.38
edat_doc_t,edat_ls_m,0.47
literacy_ygpi,edat_ls_m,0.59
literacy_am,edat_ls_m,0.85
literacy_af,edat_ls_m,0.88
literacy_at,edat_ls_m,0.87
literacy_ym,edat_ls_m,0.76
literacy_yf,edat_ls_m,0.75
literacy_yt,edat_ls_m,0.75
edat_ma_m,edat_ls_m,0.49
edat_ma_f,edat_ls_m,0.53
edat_ma_t,edat_ls_m,0.52
edat_us_m,edat_ls_m,0.93
edat_us_f,edat_ls_m,0.94
edat_us_t,edat_ls_m,0.94
edat_ls_m,edat_ls_m,1
edat_ls_f,edat_ls_m,0.99
edat_ls_t,edat_ls_m,1
edat_prim_m,edat_ls_m,0.95
edat_prim_f,edat_ls_m,0.95
edat_prim_t,edat_ls_m,0.95
edat_ps_m,edat_ls_m,0.77
edat_ps_f,edat_ls_m,0.8
edat_ps_t,edat_ls_m,0.8
edat_ba_m,edat_ls_m,0.69
edat_ba_f,edat_ls_m,0.72
edat_ba_t,edat_ls_m,0.72
edat_tert_m,edat_ls_m,0.75
edat_tert_f,edat_ls_m,0.76
edat_tert_t,edat_ls_m,0.77
gni_growth,edat_ls_f,-0.26
gdp_growth,edat_ls_f,-0.28
gdppc_growth,edat_ls_f,-0.09
gdp_constant,edat_ls_f,0.2
gni_constant,edat_ls_f,0.2
gdppc_constant,edat_ls_f,0.45
gnipc_constant,edat_ls_f,0.44
edat_doc_f,edat_ls_f,0.54
edat_doc_m,edat_ls_f,0.34
edat_doc_t,edat_ls_f,0.44
literacy_ygpi,edat_ls_f,0.58
literacy_am,edat_ls_f,0.87
literacy_af,edat_ls_f,0.9
literacy_at,edat_ls_f,0.89
literacy_ym,edat_ls_f,0.77
literacy_yf,edat_ls_f,0.75
literacy_yt,edat_ls_f,0.76
edat_ma_m,edat_ls_f,0.49
edat_ma_f,edat_ls_f,0.54
edat_ma_t,edat_ls_f,0.53
edat_us_m,edat_ls_f,0.91
edat_us_f,edat_ls_f,0.94
edat_us_t,edat_ls_f,0.93
edat_ls_m,edat_ls_f,0.99
edat_ls_f,edat_ls_f,1
edat_ls_t,edat_ls_f,1
edat_prim_m,edat_ls_f,0.96
edat_prim_f,edat_ls_f,0.97
edat_prim_t,edat_ls_f,0.96
edat_ps_m,edat_ls_f,0.75
edat_ps_f,edat_ls_f,0.83
edat_ps_t,edat_ls_f,0.8
edat_ba_m,edat_ls_f,0.7
edat_ba_f,edat_ls_f,0.76
edat_ba_t,edat_ls_f,0.75
edat_tert_m,edat_ls_f,0.75
edat_tert_f,edat_ls_f,0.8
edat_tert_t,edat_ls_f,0.79
gni_growth,edat_ls_t,-0.26
gdp_growth,edat_ls_t,-0.28
gdppc_growth,edat_ls_t,-0.09
gdp_constant,edat_ls_t,0.2
gni_constant,edat_ls_t,0.2
gdppc_constant,edat_ls_t,0.44
gnipc_constant,edat_ls_t,0.44
edat_doc_f,edat_ls_t,0.55
edat_doc_m,edat_ls_t,0.36
edat_doc_t,edat_ls_t,0.46
literacy_ygpi,edat_ls_t,0.59
literacy_am,edat_ls_t,0.86
literacy_af,edat_ls_t,0.9
literacy_at,edat_ls_t,0.89
literacy_ym,edat_ls_t,0.77
literacy_yf,edat_ls_t,0.75
literacy_yt,edat_ls_t,0.76
edat_ma_m,edat_ls_t,0.49
edat_ma_f,edat_ls_t,0.53
edat_ma_t,edat_ls_t,0.52
edat_us_m,edat_ls_t,0.92
edat_us_f,edat_ls_t,0.94
edat_us_t,edat_ls_t,0.94
edat_ls_m,edat_ls_t,1
edat_ls_f,edat_ls_t,1
edat_ls_t,edat_ls_t,1
edat_prim_m,edat_ls_t,0.96
edat_prim_f,edat_ls_t,0.96
edat_prim_t,edat_ls_t,0.96
edat_ps_m,edat_ls_t,0.77
edat_ps_f,edat_ls_t,0.82
edat_ps_t,edat_ls_t,0.81
edat_ba_m,edat_ls_t,0.69
edat_ba_f,edat_ls_t,0.74
edat_ba_t,edat_ls_t,0.74
edat_tert_m,edat_ls_t,0.75
edat_tert_f,edat_ls_t,0.78
edat_tert_t,edat_ls_t,0.78
gni_growth,edat_prim_m,-0.24
gdp_growth,edat_prim_m,-0.28
gdppc_growth,edat_prim_m,-0.09
gdp_constant,edat_prim_m,0.28
gni_constant,edat_prim_m,0.27
gdppc_constant,edat_prim_m,0.49
gnipc_constant,edat_prim_m,0.49
edat_doc_f,edat_prim_m,0.51
edat_doc_m,edat_prim_m,0.34
edat_doc_t,edat_prim_m,0.43
literacy_ygpi,edat_prim_m,0.69
literacy_am,edat_prim_m,0.92
literacy_af,edat_prim_m,0.96
literacy_at,edat_prim_m,0.95
literacy_ym,edat_prim_m,0.85
literacy_yf,edat_prim_m,0.84
literacy_yt,edat_prim_m,0.85
edat_ma_m,edat_prim_m,0.42
edat_ma_f,edat_prim_m,0.48
edat_ma_t,edat_prim_m,0.46
edat_us_m,edat_prim_m,0.84
edat_us_f,edat_prim_m,0.87
edat_us_t,edat_prim_m,0.86
edat_ls_m,edat_prim_m,0.95
edat_ls_f,edat_prim_m,0.96
edat_ls_t,edat_prim_m,0.96
edat_prim_m,edat_prim_m,1
edat_prim_f,edat_prim_m,0.99
edat_prim_t,edat_prim_m,1
edat_ps_m,edat_prim_m,0.67
edat_ps_f,edat_prim_m,0.73
edat_ps_t,edat_prim_m,0.71
edat_ba_m,edat_prim_m,0.65
edat_ba_f,edat_prim_m,0.71
edat_ba_t,edat_prim_m,0.69
edat_tert_m,edat_prim_m,0.69
edat_tert_f,edat_prim_m,0.73
edat_tert_t,edat_prim_m,0.73
gni_growth,edat_prim_f,-0.23
gdp_growth,edat_prim_f,-0.27
gdppc_growth,edat_prim_f,-0.08
gdp_constant,edat_prim_f,0.28
gni_constant,edat_prim_f,0.27
gdppc_constant,edat_prim_f,0.49
gnipc_constant,edat_prim_f,0.49
edat_doc_f,edat_prim_f,0.51
edat_doc_m,edat_prim_f,0.31
edat_doc_t,edat_prim_f,0.41
literacy_ygpi,edat_prim_f,0.66
literacy_am,edat_prim_f,0.92
literacy_af,edat_prim_f,0.96
literacy_at,edat_prim_f,0.94
literacy_ym,edat_prim_f,0.83
literacy_yf,edat_prim_f,0.82
literacy_yt,edat_prim_f,0.83
edat_ma_m,edat_prim_f,0.43
edat_ma_f,edat_prim_f,0.49
edat_ma_t,edat_prim_f,0.47
edat_us_m,edat_prim_f,0.82
edat_us_f,edat_prim_f,0.87
edat_us_t,edat_prim_f,0.85
edat_ls_m,edat_prim_f,0.95
edat_ls_f,edat_prim_f,0.97
edat_ls_t,edat_prim_f,0.96
edat_prim_m,edat_prim_f,0.99
edat_prim_f,edat_prim_f,1
edat_prim_t,edat_prim_f,1
edat_ps_m,edat_prim_f,0.66
edat_ps_f,edat_prim_f,0.74
edat_ps_t,edat_prim_f,0.71
edat_ba_m,edat_prim_f,0.65
edat_ba_f,edat_prim_f,0.72
edat_ba_t,edat_prim_f,0.7
edat_tert_m,edat_prim_f,0.69
edat_tert_f,edat_prim_f,0.75
edat_tert_t,edat_prim_f,0.74
gni_growth,edat_prim_t,-0.24
gdp_growth,edat_prim_t,-0.28
gdppc_growth,edat_prim_t,-0.08
gdp_constant,edat_prim_t,0.28
gni_constant,edat_prim_t,0.28
gdppc_constant,edat_prim_t,0.5
gnipc_constant,edat_prim_t,0.49
edat_doc_f,edat_prim_t,0.51
edat_doc_m,edat_prim_t,0.33
edat_doc_t,edat_prim_t,0.42
literacy_ygpi,edat_prim_t,0.67
literacy_am,edat_prim_t,0.92
literacy_af,edat_prim_t,0.96
literacy_at,edat_prim_t,0.95
literacy_ym,edat_prim_t,0.84
literacy_yf,edat_prim_t,0.83
literacy_yt,edat_prim_t,0.84
edat_ma_m,edat_prim_t,0.42
edat_ma_f,edat_prim_t,0.49
edat_ma_t,edat_prim_t,0.46
edat_us_m,edat_prim_t,0.83
edat_us_f,edat_prim_t,0.87
edat_us_t,edat_prim_t,0.86
edat_ls_m,edat_prim_t,0.95
edat_ls_f,edat_prim_t,0.96
edat_ls_t,edat_prim_t,0.96
edat_prim_m,edat_prim_t,1
edat_prim_f,edat_prim_t,1
edat_prim_t,edat_prim_t,1
edat_ps_m,edat_prim_t,0.67
edat_ps_f,edat_prim_t,0.74
edat_ps_t,edat_prim_t,0.72
edat_ba_m,edat_prim_t,0.65
edat_ba_f,edat_prim_t,0.72
edat_ba_t,edat_prim_t,0.7
edat_tert_m,edat_prim_t,0.7
edat_tert_f,edat_prim_t,0.75
edat_tert_t,edat_prim_t,0.73
gni_growth,edat_ps_m,-0.24
gdp_growth,edat_ps_m,-0.28
gdppc_growth,edat_ps_m,-0.14
gdp_constant,edat_ps_m,0.11
gni_constant,edat_ps_m,0.11
gdppc_constant,edat_ps_m,0.39
gnipc_constant,edat_ps_m,0.38
edat_doc_f,edat_ps_m,0.58
edat_doc_m,edat_ps_m,0.49
edat_doc_t,edat_ps_m,0.56
literacy_ygpi,edat_ps_m,0.41
literacy_am,edat_ps_m,0.58
literacy_af,edat_ps_m,0.6
literacy_at,edat_ps_m,0.59
literacy_ym,edat_ps_m,0.51
literacy_yf,edat_ps_m,0.51
literacy_yt,edat_ps_m,0.51
edat_ma_m,edat_ps_m,0.51
edat_ma_f,edat_ps_m,0.51
edat_ma_t,edat_ps_m,0.52
edat_us_m,edat_ps_m,0.82
edat_us_f,edat_ps_m,0.82
edat_us_t,edat_ps_m,0.83
edat_ls_m,edat_ps_m,0.77
edat_ls_f,edat_ps_m,0.75
edat_ls_t,edat_ps_m,0.77
edat_prim_m,edat_ps_m,0.67
edat_prim_f,edat_ps_m,0.66
edat_prim_t,edat_ps_m,0.67
edat_ps_m,edat_ps_m,1
edat_ps_f,edat_ps_m,0.94
edat_ps_t,edat_ps_m,0.98
edat_ba_m,edat_ps_m,0.8
edat_ba_f,edat_ps_m,0.76
edat_ba_t,edat_ps_m,0.79
edat_tert_m,edat_ps_m,0.9
edat_tert_f,edat_ps_m,0.83
edat_tert_t,edat_ps_m,0.88
gni_growth,edat_ps_f,-0.27
gdp_growth,edat_ps_f,-0.31
gdppc_growth,edat_ps_f,-0.15
gdp_constant,edat_ps_f,0.07
gni_constant,edat_ps_f,0.07
gdppc_constant,edat_ps_f,0.44
gnipc_constant,edat_ps_f,0.42
edat_doc_f,edat_ps_f,0.62
edat_doc_m,edat_ps_f,0.42
edat_doc_t,edat_ps_f,0.53
literacy_ygpi,edat_ps_f,0.38
literacy_am,edat_ps_f,0.67
literacy_af,edat_ps_f,0.69
literacy_at,edat_ps_f,0.68
literacy_ym,edat_ps_f,0.56
literacy_yf,edat_ps_f,0.53
literacy_yt,edat_ps_f,0.55
edat_ma_m,edat_ps_f,0.56
edat_ma_f,edat_ps_f,0.6
edat_ma_t,edat_ps_f,0.59
edat_us_m,edat_ps_f,0.83
edat_us_f,edat_ps_f,0.89
edat_us_t,edat_ps_f,0.86
edat_ls_m,edat_ps_f,0.8
edat_ls_f,edat_ps_f,0.83
edat_ls_t,edat_ps_f,0.82
edat_prim_m,edat_ps_f,0.73
edat_prim_f,edat_ps_f,0.74
edat_prim_t,edat_ps_f,0.74
edat_ps_m,edat_ps_f,0.94
edat_ps_f,edat_ps_f,1
edat_ps_t,edat_ps_f,0.98
edat_ba_m,edat_ps_f,0.8
edat_ba_f,edat_ps_f,0.85
edat_ba_t,edat_ps_f,0.84
edat_tert_m,edat_ps_f,0.89
edat_tert_f,edat_ps_f,0.92
edat_tert_t,edat_ps_f,0.92
gni_growth,edat_ps_t,-0.26
gdp_growth,edat_ps_t,-0.3
gdppc_growth,edat_ps_t,-0.15
gdp_constant,edat_ps_t,0.09
gni_constant,edat_ps_t,0.09
gdppc_constant,edat_ps_t,0.42
gnipc_constant,edat_ps_t,0.41
edat_doc_f,edat_ps_t,0.61
edat_doc_m,edat_ps_t,0.47
edat_doc_t,edat_ps_t,0.56
literacy_ygpi,edat_ps_t,0.4
literacy_am,edat_ps_t,0.63
literacy_af,edat_ps_t,0.66
literacy_at,edat_ps_t,0.65
literacy_ym,edat_ps_t,0.55
literacy_yf,edat_ps_t,0.53
literacy_yt,edat_ps_t,0.54
edat_ma_m,edat_ps_t,0.54
edat_ma_f,edat_ps_t,0.56
edat_ma_t,edat_ps_t,0.56
edat_us_m,edat_ps_t,0.84
edat_us_f,edat_ps_t,0.86
edat_us_t,edat_ps_t,0.86
edat_ls_m,edat_ps_t,0.8
edat_ls_f,edat_ps_t,0.8
edat_ls_t,edat_ps_t,0.81
edat_prim_m,edat_ps_t,0.71
edat_prim_f,edat_ps_t,0.71
edat_prim_t,edat_ps_t,0.72
edat_ps_m,edat_ps_t,0.98
edat_ps_f,edat_ps_t,0.98
edat_ps_t,edat_ps_t,1
edat_ba_m,edat_ps_t,0.8
edat_ba_f,edat_ps_t,0.81
edat_ba_t,edat_ps_t,0.83
edat_tert_m,edat_ps_t,0.9
edat_tert_f,edat_ps_t,0.89
edat_tert_t,edat_ps_t,0.91
gni_growth,edat_ba_m,-0.3
gdp_growth,edat_ba_m,-0.34
gdppc_growth,edat_ba_m,-0.23
gdp_constant,edat_ba_m,0.28
gni_constant,edat_ba_m,0.29
gdppc_constant,edat_ba_m,0.41
gnipc_constant,edat_ba_m,0.45
edat_doc_f,edat_ba_m,0.49
edat_doc_m,edat_ba_m,0.44
edat_doc_t,edat_ba_m,0.48
literacy_ygpi,edat_ba_m,0.44
literacy_am,edat_ba_m,0.61
literacy_af,edat_ba_m,0.62
literacy_at,edat_ba_m,0.62
literacy_ym,edat_ba_m,0.56
literacy_yf,edat_ba_m,0.56
literacy_yt,edat_ba_m,0.56
edat_ma_m,edat_ba_m,0.58
edat_ma_f,edat_ba_m,0.58
edat_ma_t,edat_ba_m,0.59
edat_us_m,edat_ba_m,0.66
edat_us_f,edat_ba_m,0.69
edat_us_t,edat_ba_m,0.68
edat_ls_m,edat_ba_m,0.69
edat_ls_f,edat_ba_m,0.7
edat_ls_t,edat_ba_m,0.69
edat_prim_m,edat_ba_m,0.65
edat_prim_f,edat_ba_m,0.65
edat_prim_t,edat_ba_m,0.65
edat_ps_m,edat_ba_m,0.8
edat_ps_f,edat_ba_m,0.8
edat_ps_t,edat_ba_m,0.8
edat_ba_m,edat_ba_m,1
edat_ba_f,edat_ba_m,0.95
edat_ba_t,edat_ba_m,0.98
edat_tert_m,edat_ba_m,0.89
edat_tert_f,edat_ba_m,0.83
edat_tert_t,edat_ba_m,0.87
gni_growth,edat_ba_f,-0.33
gdp_growth,edat_ba_f,-0.38
gdppc_growth,edat_ba_f,-0.27
gdp_constant,edat_ba_f,0.24
gni_constant,edat_ba_f,0.24
gdppc_constant,edat_ba_f,0.49
gnipc_constant,edat_ba_f,0.52
edat_doc_f,edat_ba_f,0.56
edat_doc_m,edat_ba_f,0.43
edat_doc_t,edat_ba_f,0.5
literacy_ygpi,edat_ba_f,0.39
literacy_am,edat_ba_f,0.69
literacy_af,edat_ba_f,0.7
literacy_at,edat_ba_f,0.7
literacy_ym,edat_ba_f,0.59
literacy_yf,edat_ba_f,0.56
literacy_yt,edat_ba_f,0.58
edat_ma_m,edat_ba_f,0.54
edat_ma_f,edat_ba_f,0.59
edat_ma_t,edat_ba_f,0.57
edat_us_m,edat_ba_f,0.66
edat_us_f,edat_ba_f,0.74
edat_us_t,edat_ba_f,0.7
edat_ls_m,edat_ba_f,0.72
edat_ls_f,edat_ba_f,0.76
edat_ls_t,edat_ba_f,0.74
edat_prim_m,edat_ba_f,0.71
edat_prim_f,edat_ba_f,0.72
edat_prim_t,edat_ba_f,0.72
edat_ps_m,edat_ba_f,0.76
edat_ps_f,edat_ba_f,0.85
edat_ps_t,edat_ba_f,0.81
edat_ba_m,edat_ba_f,0.95
edat_ba_f,edat_ba_f,1
edat_ba_t,edat_ba_f,0.99
edat_tert_m,edat_ba_f,0.88
edat_tert_f,edat_ba_f,0.91
edat_tert_t,edat_ba_f,0.9
gni_growth,edat_ba_t,-0.32
gdp_growth,edat_ba_t,-0.37
gdppc_growth,edat_ba_t,-0.26
gdp_constant,edat_ba_t,0.26
gni_constant,edat_ba_t,0.27
gdppc_constant,edat_ba_t,0.46
gnipc_constant,edat_ba_t,0.5
edat_doc_f,edat_ba_t,0.54
edat_doc_m,edat_ba_t,0.44
edat_doc_t,edat_ba_t,0.5
literacy_ygpi,edat_ba_t,0.43
literacy_am,edat_ba_t,0.67
literacy_af,edat_ba_t,0.68
literacy_at,edat_ba_t,0.68
literacy_ym,edat_ba_t,0.59
literacy_yf,edat_ba_t,0.57
literacy_yt,edat_ba_t,0.58
edat_ma_m,edat_ba_t,0.56
edat_ma_f,edat_ba_t,0.6
edat_ma_t,edat_ba_t,0.59
edat_us_m,edat_ba_t,0.67
edat_us_f,edat_ba_t,0.73
edat_us_t,edat_ba_t,0.7
edat_ls_m,edat_ba_t,0.72
edat_ls_f,edat_ba_t,0.75
edat_ls_t,edat_ba_t,0.74
edat_prim_m,edat_ba_t,0.69
edat_prim_f,edat_ba_t,0.7
edat_prim_t,edat_ba_t,0.7
edat_ps_m,edat_ba_t,0.79
edat_ps_f,edat_ba_t,0.84
edat_ps_t,edat_ba_t,0.83
edat_ba_m,edat_ba_t,0.98
edat_ba_f,edat_ba_t,0.99
edat_ba_t,edat_ba_t,1
edat_tert_m,edat_ba_t,0.9
edat_tert_f,edat_ba_t,0.88
edat_tert_t,edat_ba_t,0.9
gni_growth,edat_tert_m,-0.33
gdp_growth,edat_tert_m,-0.38
gdppc_growth,edat_tert_m,-0.25
gdp_constant,edat_tert_m,0.28
gni_constant,edat_tert_m,0.28
gdppc_constant,edat_tert_m,0.49
gnipc_constant,edat_tert_m,0.5
edat_doc_f,edat_tert_m,0.56
edat_doc_m,edat_tert_m,0.49
edat_doc_t,edat_tert_m,0.55
literacy_ygpi,edat_tert_m,0.41
literacy_am,edat_tert_m,0.65
literacy_af,edat_tert_m,0.66
literacy_at,edat_tert_m,0.66
literacy_ym,edat_tert_m,0.56
literacy_yf,edat_tert_m,0.55
literacy_yt,edat_tert_m,0.56
edat_ma_m,edat_tert_m,0.46
edat_ma_f,edat_tert_m,0.47
edat_ma_t,edat_tert_m,0.47
edat_us_m,edat_tert_m,0.74
edat_us_f,edat_tert_m,0.77
edat_us_t,edat_tert_m,0.76
edat_ls_m,edat_tert_m,0.75
edat_ls_f,edat_tert_m,0.75
edat_ls_t,edat_tert_m,0.75
edat_prim_m,edat_tert_m,0.69
edat_prim_f,edat_tert_m,0.69
edat_prim_t,edat_tert_m,0.7
edat_ps_m,edat_tert_m,0.9
edat_ps_f,edat_tert_m,0.89
edat_ps_t,edat_tert_m,0.9
edat_ba_m,edat_tert_m,0.89
edat_ba_f,edat_tert_m,0.88
edat_ba_t,edat_tert_m,0.9
edat_tert_m,edat_tert_m,1
edat_tert_f,edat_tert_m,0.95
edat_tert_t,edat_tert_m,0.99
gni_growth,edat_tert_f,-0.32
gdp_growth,edat_tert_f,-0.37
gdppc_growth,edat_tert_f,-0.24
gdp_constant,edat_tert_f,0.2
gni_constant,edat_tert_f,0.2
gdppc_constant,edat_tert_f,0.52
gnipc_constant,edat_tert_f,0.53
edat_doc_f,edat_tert_f,0.58
edat_doc_m,edat_tert_f,0.41
edat_doc_t,edat_tert_f,0.5
literacy_ygpi,edat_tert_f,0.38
literacy_am,edat_tert_f,0.71
literacy_af,edat_tert_f,0.72
literacy_at,edat_tert_f,0.72
literacy_ym,edat_tert_f,0.59
literacy_yf,edat_tert_f,0.56
literacy_yt,edat_tert_f,0.57
edat_ma_m,edat_tert_f,0.43
edat_ma_f,edat_tert_f,0.48
edat_ma_t,edat_tert_f,0.46
edat_us_m,edat_tert_f,0.73
edat_us_f,edat_tert_f,0.81
edat_us_t,edat_tert_f,0.77
edat_ls_m,edat_tert_f,0.76
edat_ls_f,edat_tert_f,0.8
edat_ls_t,edat_tert_f,0.78
edat_prim_m,edat_tert_f,0.73
edat_prim_f,edat_tert_f,0.75
edat_prim_t,edat_tert_f,0.75
edat_ps_m,edat_tert_f,0.83
edat_ps_f,edat_tert_f,0.92
edat_ps_t,edat_tert_f,0.89
edat_ba_m,edat_tert_f,0.83
edat_ba_f,edat_tert_f,0.91
edat_ba_t,edat_tert_f,0.88
edat_tert_m,edat_tert_f,0.95
edat_tert_f,edat_tert_f,1
edat_tert_t,edat_tert_f,0.99
gni_growth,edat_tert_t,-0.33
gdp_growth,edat_tert_t,-0.39
gdppc_growth,edat_tert_t,-0.25
gdp_constant,edat_tert_t,0.24
gni_constant,edat_tert_t,0.24
gdppc_constant,edat_tert_t,0.51
gnipc_constant,edat_tert_t,0.52
edat_doc_f,edat_tert_t,0.58
edat_doc_m,edat_tert_t,0.46
edat_doc_t,edat_tert_t,0.54
literacy_ygpi,edat_tert_t,0.4
literacy_am,edat_tert_t,0.69
literacy_af,edat_tert_t,0.7
literacy_at,edat_tert_t,0.7
literacy_ym,edat_tert_t,0.59
literacy_yf,edat_tert_t,0.56
literacy_yt,edat_tert_t,0.57
edat_ma_m,edat_tert_t,0.45
edat_ma_f,edat_tert_t,0.48
edat_ma_t,edat_tert_t,0.47
edat_us_m,edat_tert_t,0.75
edat_us_f,edat_tert_t,0.8
edat_us_t,edat_tert_t,0.78
edat_ls_m,edat_tert_t,0.77
edat_ls_f,edat_tert_t,0.79
edat_ls_t,edat_tert_t,0.78
edat_prim_m,edat_tert_t,0.73
edat_prim_f,edat_tert_t,0.74
edat_prim_t,edat_tert_t,0.73
edat_ps_m,edat_tert_t,0.88
edat_ps_f,edat_tert_t,0.92
edat_ps_t,edat_tert_t,0.91
edat_ba_m,edat_tert_t,0.87
edat_ba_f,edat_tert_t,0.9
edat_ba_t,edat_tert_t,0.9
edat_tert_m,edat_tert_t,0.99
edat_tert_f,edat_tert_t,0.99
edat_tert_t,edat_tert_t,1
